times,prices
1790274600,4274.65
1790274601,4274.58
1790274602,4274.68
1790274603,4274.63
1790274604,4274.7
1790274605,4274.7
1790274606,4274.43
1790274607,4274.36
1790274608,4274.35
1790274609,4274.41
1790274610,4274.46
1790274611,4274.53
1790274612,4274.71
1790274613,4274.77
1790274614,4274.63
1790274615,4274.76
1790274616,4274.8
1790274617,4274.84
1790274618,4274.94
1790274619,4275.06
1790274620,4275.31
1790274621,4275.49
1790274622,4275.59
1790274623,4275.56
1790274624,4275.48
1790274625,4275.6
1790274626,4275.88
1790274627,4275.96
1790274628,4276.03
1790274629,4276.19
1790274630,4276.05
1790274631,4276.08
1790274632,4276.24
1790274633,4276.45
1790274634,4276.49
1790274635,4276.63
1790274636,4276.74
1790274637,4276.94
1790274638,4276.85
1790274639,4277.02
1790274640,4276.87
1790274641,4276.56
1790274642,4276.55
1790274643,4276.49
1790274644,4276.7
1790274645,4276.88
1790274646,4276.78
1790274647,4276.99
1790274648,4276.92
1790274649,4276.98
1790274650,4277.02
1790274651,4277.12
1790274652,4277.32
1790274653,4277.5
1790274654,4277.63
1790274655,4277.81
1790274656,4277.96
1790274657,4277.94
1790274658,4277.92
1790274659,4277.92
1790274660,4278.08
1790274661,4278.12
1790274662,4278.55
1790274663,4278.51
1790274664,4278.42
1790274665,4278.62
1790274666,4278.91
1790274667,4279.07
1790274668,4279.27
1790274669,4279.57
1790274670,4279.63
1790274671,4279.5
1790274672,4279.5
1790274673,4279.72
1790274674,4279.59
1790274675,4279.67
1790274676,4279.79
1790274677,4279.82
1790274678,4280.01
1790274679,4280.18
1790274680,4280.61
1790274681,4280.78
1790274682,4280.77
1790274683,4280.76
1790274684,4280.72
1790274685,4280.94
1790274686,4280.94
1790274687,4281.01
1790274688,4281.2
1790274689,4281.17
1790274690,4281.21
1790274691,4281.01
1790274692,4280.93
1790274693,4280.92
1790274694,4281.07
1790274695,4281.32
1790274696,4281.4
1790274697,4281.52
1790274698,4281.63
1790274699,4281.87
1790274700,4282.08
1790274701,4282.2
1790274702,4282.13
1790274703,4282.35
1790274704,4282.48
1790274705,4282.75
1790274706,4282.82
1790274707,4283.2
1790274708,4283.22
1790274709,4283.54
1790274710,4283.64
1790274711,4283.64
1790274712,4283.55
1790274713,4283.61
1790274714,4283.9
1790274715,4284.11
1790274716,4284.29
1790274717,4284.01
1790274718,4284.2
1790274719,4284.36
1790274720,4284.36
1790274721,4284.35
1790274722,4284.43
1790274723,4284.77
1790274724,4284.69
1790274725,4284.7
1790274726,4284.99
1790274727,4285.0
1790274728,4285.03
1790274729,4285.12
1790274730,4285.01
1790274731,4285.13
1790274732,4285.03
1790274733,4285.24
1790274734,4285.32
1790274735,4285.74
1790274736,4285.86
1790274737,4286.15
1790274738,4286.03
1790274739,4286.09
1790274740,4286.22
1790274741,4286.56
1790274742,4286.39
1790274743,4286.62
1790274744,4286.79
1790274745,4287.1
1790274746,4287.29
1790274747,4287.37
1790274748,4287.38
1790274749,4287.27
1790274750,4287.38
1790274751,4287.43
1790274752,4287.81
1790274753,4287.8
1790274754,4287.93
1790274755,4287.77
1790274756,4287.79
1790274757,4287.91
1790274758,4288.12
1790274759,4288.41
1790274760,4288.49
1790274761,4288.4
1790274762,4288.55
1790274763,4288.71
1790274764,4288.86
1790274765,4288.84
1790274766,4289.09
1790274767,4289.18
1790274768,4289.36
1790274769,4289.63
1790274770,4289.81
1790274771,4289.93
1790274772,4290.33
1790274773,4290.45
1790274774,4290.48
1790274775,4290.58
1790274776,4290.88
1790274777,4290.98
1790274778,4291.14
1790274779,4291.4
1790274780,4291.4
1790274781,4291.22
1790274782,4291.35
1790274783,4291.46
1790274784,4291.45
1790274785,4291.66
1790274786,4291.83
1790274787,4291.76
1790274788,4291.92
1790274789,4291.97
1790274790,4291.83
1790274791,4291.98
1790274792,4292.05
1790274793,4292.02
1790274794,4292.18
1790274795,4292.33
1790274796,4292.32
1790274797,4292.46
1790274798,4292.7
1790274799,4292.67
1790274800,4292.81
1790274801,4292.89
1790274802,4293.31
1790274803,4293.11
1790274804,4293.29
1790274805,4293.32
1790274806,4293.39
1790274807,4293.76
1790274808,4293.83
1790274809,4294.25
1790274810,4294.26
1790274811,4294.4
1790274812,4294.4
1790274813,4294.38
1790274814,4294.47
1790274815,4294.51
1790274816,4294.62
1790274817,4294.38
1790274818,4294.76
1790274819,4294.82
1790274820,4295.16
1790274821,4295.09
1790274822,4295.21
1790274823,4295.76
1790274824,4295.71
1790274825,4295.57
1790274826,4295.57
1790274827,4295.72
1790274828,4295.9
1790274829,4296.18
1790274830,4296.22
1790274831,4296.06
1790274832,4296.07
1790274833,4296.34
1790274834,4296.49
1790274835,4296.27
1790274836,4296.35
1790274837,4296.64
1790274838,4297.04
1790274839,4297.2
1790274840,4297.33
1790274841,4297.22
1790274842,4297.18
1790274843,4297.26
1790274844,4297.42
1790274845,4297.59
1790274846,4297.59
1790274847,4297.5
1790274848,4297.46
1790274849,4297.37
1790274850,4297.55
1790274851,4297.28
1790274852,4297.31
1790274853,4297.46
1790274854,4297.77
1790274855,4297.86
1790274856,4298.09
1790274857,4298.11
1790274858,4298.08
1790274859,4298.05
1790274860,4298.36
1790274861,4298.59
1790274862,4298.75
1790274863,4299.33
1790274864,4299.4
1790274865,4299.57
1790274866,4299.7
1790274867,4299.75
1790274868,4300.17
1790274869,4300.48
1790274870,4300.35
1790274871,4300.37
1790274872,4300.51
1790274873,4300.71
1790274874,4300.59
1790274875,4300.33
1790274876,4300.13
1790274877,4300.19
1790274878,4300.26
1790274879,4300.39
1790274880,4300.36
1790274881,4300.25
1790274882,4300.03
1790274883,4300.16
1790274884,4300.29
1790274885,4300.52
1790274886,4300.72
1790274887,4300.77
1790274888,4301.05
1790274889,4301.11
1790274890,4301.1
1790274891,4301.1
1790274892,4301.09
1790274893,4300.84
1790274894,4300.95
1790274895,4301.07
1790274896,4301.09
1790274897,4301.06
1790274898,4301.2
1790274899,4301.54
1790274900,4301.62
1790274901,4301.63
1790274902,4301.62
1790274903,4301.69
1790274904,4301.58
1790274905,4301.64
1790274906,4301.73
1790274907,4302.09
1790274908,4302.31
1790274909,4302.54
1790274910,4302.51
1790274911,4302.7
1790274912,4302.6
1790274913,4302.73
1790274914,4302.87
1790274915,4302.84
1790274916,4303.22
1790274917,4303.38
1790274918,4303.18
1790274919,4303.34
1790274920,4303.36
1790274921,4303.44
1790274922,4303.59
1790274923,4303.73
1790274924,4303.5
1790274925,4303.41
1790274926,4303.61
1790274927,4303.88
1790274928,4304.25
1790274929,4304.6
1790274930,4304.37
1790274931,4304.56
1790274932,4304.36
1790274933,4304.68
1790274934,4304.8
1790274935,4304.71
1790274936,4305.09
1790274937,4305.26
1790274938,4305.06
1790274939,4305.18
1790274940,4305.15
1790274941,4305.25
1790274942,4305.26
1790274943,4305.55
1790274944,4305.41
1790274945,4305.54
1790274946,4305.89
1790274947,4305.85
1790274948,4305.96
1790274949,4306.07
1790274950,4306.05
1790274951,4306.22
1790274952,4306.32
1790274953,4306.26
1790274954,4306.6
1790274955,4306.8
1790274956,4306.86
1790274957,4306.84
1790274958,4306.8
1790274959,4307.07
1790274960,4307.13
1790274961,4307.27
1790274962,4307.33
1790274963,4307.5
1790274964,4307.56
1790274965,4307.76
1790274966,4307.81
1790274967,4308.01
1790274968,4308.19
1790274969,4308.26
1790274970,4308.21
1790274971,4308.15
1790274972,4308.12
1790274973,4308.05
1790274974,4308.26
1790274975,4308.33
1790274976,4308.65
1790274977,4309.07
1790274978,4309.15
1790274979,4309.0
1790274980,4309.02
1790274981,4309.09
1790274982,4308.95
1790274983,4308.99
1790274984,4309.11
1790274985,4309.12
1790274986,4309.09
1790274987,4309.06
1790274988,4309.4
1790274989,4309.46
1790274990,4309.41
1790274991,4309.44
1790274992,4309.66
1790274993,4309.64
1790274994,4309.79
1790274995,4309.98
1790274996,4310.17
1790274997,4310.46
1790274998,4310.46
1790274999,4310.71
1790275000,4310.67
1790275001,4310.69
1790275002,4310.95
1790275003,4311.15
1790275004,4311.23
1790275005,4311.14
1790275006,4311.3
1790275007,4311.29
1790275008,4311.23
1790275009,4311.21
1790275010,4311.33
1790275011,4311.09
1790275012,4311.22
1790275013,4311.33
1790275014,4311.32
1790275015,4311.56
1790275016,4311.73
1790275017,4311.72
1790275018,4311.7
1790275019,4311.88
1790275020,4311.73
1790275021,4311.76
1790275022,4311.75
1790275023,4311.84
1790275024,4311.95
1790275025,4312.04
1790275026,4312.29
1790275027,4312.4
1790275028,4312.43
1790275029,4312.33
1790275030,4312.52
1790275031,4312.68
1790275032,4312.98
1790275033,4312.95
1790275034,4313.03
1790275035,4313.1
1790275036,4313.17
1790275037,4313.25
1790275038,4313.07
1790275039,4313.28
1790275040,4313.45
1790275041,4313.7
1790275042,4314.12
1790275043,4314.15
1790275044,4314.23
1790275045,4314.31
1790275046,4314.68
1790275047,4314.5
1790275048,4314.65
1790275049,4314.51
1790275050,4314.21
1790275051,4313.98
1790275052,4313.86
1790275053,4314.1
1790275054,4314.05
1790275055,4314.09
1790275056,4314.0
1790275057,4314.17
1790275058,4314.08
1790275059,4314.36
1790275060,4314.29
1790275061,4314.26
1790275062,4314.36
1790275063,4314.44
1790275064,4314.73
1790275065,4314.83
1790275066,4314.73
1790275067,4314.73
1790275068,4314.72
1790275069,4314.91
1790275070,4315.05
1790275071,4315.11
1790275072,4315.32
1790275073,4315.32
1790275074,4315.38
1790275075,4315.49
1790275076,4315.8
1790275077,4315.86
1790275078,4315.89
1790275079,4315.81
1790275080,4315.99
1790275081,4315.99
1790275082,4316.12
1790275083,4315.91
1790275084,4316.15
1790275085,4316.03
1790275086,4315.99
1790275087,4316.23
1790275088,4316.11
1790275089,4316.18
1790275090,4316.27
1790275091,4316.2
1790275092,4316.48
1790275093,4316.79
1790275094,4316.57
1790275095,4316.43
1790275096,4316.63
1790275097,4316.52
1790275098,4316.54
1790275099,4316.64
1790275100,4316.82
1790275101,4316.87
1790275102,4316.96
1790275103,4316.93
1790275104,4317.2
1790275105,4317.21
1790275106,4317.34
1790275107,4317.34
1790275108,4317.44
1790275109,4317.49
1790275110,4317.55
1790275111,4317.48
1790275112,4317.68
1790275113,4317.97
1790275114,4318.08
1790275115,4318.27
1790275116,4318.48
1790275117,4318.7
1790275118,4318.82
1790275119,4318.94
1790275120,4319.15
1790275121,4319.24
1790275122,4319.17
1790275123,4319.25
1790275124,4319.05
1790275125,4319.13
1790275126,4319.27
1790275127,4319.54
1790275128,4319.64
1790275129,4319.86
1790275130,4319.94
1790275131,4319.87
1790275132,4319.73
1790275133,4319.67
1790275134,4319.54
1790275135,4319.72
1790275136,4319.77
1790275137,4319.93
1790275138,4320.02
1790275139,4320.26
1790275140,4320.5
1790275141,4320.48
1790275142,4320.52
1790275143,4320.52
1790275144,4320.36
1790275145,4320.54
1790275146,4320.8
1790275147,4320.88
1790275148,4320.88
1790275149,4321.13
1790275150,4320.86
1790275151,4320.96
1790275152,4321.06
1790275153,4321.06
1790275154,4321.35
1790275155,4321.57
1790275156,4321.61
1790275157,4321.68
1790275158,4321.7
1790275159,4321.7
1790275160,4321.59
1790275161,4321.88
1790275162,4322.11
1790275163,4322.31
1790275164,4322.23
1790275165,4322.62
1790275166,4322.99
1790275167,4323.1
1790275168,4323.05
1790275169,4323.0
1790275170,4323.14
1790275171,4323.08
1790275172,4323.16
1790275173,4323.4
1790275174,4323.26
1790275175,4323.64
1790275176,4323.95
1790275177,4323.85
1790275178,4323.71
1790275179,4323.75
1790275180,4323.68
1790275181,4323.72
1790275182,4323.41
1790275183,4323.46
1790275184,4323.81
1790275185,4323.72
1790275186,4323.76
1790275187,4323.61
1790275188,4323.79
1790275189,4323.84
1790275190,4324.21
1790275191,4324.32
1790275192,4324.34
1790275193,4324.5
1790275194,4324.51
1790275195,4324.39
1790275196,4324.51
1790275197,4324.57
1790275198,4324.67
1790275199,4324.81
1790275200,4324.65
1790275201,4324.63
1790275202,4324.82
1790275203,4324.57
1790275204,4324.75
1790275205,4324.63
1790275206,4324.44
1790275207,4324.72
1790275208,4324.67
1790275209,4324.79
1790275210,4324.83
1790275211,4324.5
1790275212,4324.44
1790275213,4324.28
1790275214,4324.0
1790275215,4323.65
1790275216,4323.59
1790275217,4323.6
1790275218,4323.58
1790275219,4323.45
1790275220,4323.25
1790275221,4323.02
1790275222,4322.86
1790275223,4322.62
1790275224,4322.51
1790275225,4322.43
1790275226,4322.22
1790275227,4322.1
1790275228,4321.91
1790275229,4321.83
1790275230,4321.82
1790275231,4321.77
1790275232,4321.76
1790275233,4321.43
1790275234,4321.3
1790275235,4321.26
1790275236,4321.27
1790275237,4320.95
1790275238,4320.9
1790275239,4321.0
1790275240,4320.89
1790275241,4320.8
1790275242,4320.79
1790275243,4320.74
1790275244,4320.76
1790275245,4320.69
1790275246,4320.64
1790275247,4320.44
1790275248,4320.33
1790275249,4320.44
1790275250,4320.33
1790275251,4320.23
1790275252,4320.07
1790275253,4320.11
1790275254,4319.9
1790275255,4319.96
1790275256,4319.74
1790275257,4319.5
1790275258,4319.45
1790275259,4319.39
1790275260,4319.35
1790275261,4319.43
1790275262,4319.29
1790275263,4319.28
1790275264,4319.06
1790275265,4319.17
1790275266,4319.19
1790275267,4319.19
1790275268,4319.13
1790275269,4318.94
1790275270,4318.81
1790275271,4318.8
1790275272,4318.72
1790275273,4318.66
1790275274,4318.37
1790275275,4318.32
1790275276,4318.14
1790275277,4317.9
1790275278,4317.79
1790275279,4317.43
1790275280,4317.46
1790275281,4317.51
1790275282,4317.42
1790275283,4317.19
1790275284,4316.97
1790275285,4316.86
1790275286,4316.42
1790275287,4316.37
1790275288,4316.39
1790275289,4316.26
1790275290,4316.11
1790275291,4316.05
1790275292,4316.03
1790275293,4316.11
1790275294,4316.03
1790275295,4315.85
1790275296,4315.7
1790275297,4315.65
1790275298,4315.8
1790275299,4315.67
1790275300,4315.44
1790275301,4315.23
1790275302,4314.83
1790275303,4314.8
1790275304,4314.52
1790275305,4314.25
1790275306,4313.87
1790275307,4313.63
1790275308,4313.63
1790275309,4313.36
1790275310,4313.01
1790275311,4312.96
1790275312,4312.83
1790275313,4312.81
1790275314,4312.84
1790275315,4312.76
1790275316,4312.49
1790275317,4312.39
1790275318,4312.39
1790275319,4312.22
1790275320,4311.92
1790275321,4312.01
1790275322,4311.87
1790275323,4311.72
1790275324,4311.65
1790275325,4311.72
1790275326,4311.68
1790275327,4311.55
1790275328,4311.57
1790275329,4311.81
1790275330,4311.94
1790275331,4311.96
1790275332,4311.72
1790275333,4312.2
1790275334,4311.94
1790275335,4311.8
1790275336,4311.62
1790275337,4311.78
1790275338,4311.77
1790275339,4311.47
1790275340,4311.43
1790275341,4311.43
1790275342,4311.31
1790275343,4311.04
1790275344,4310.85
1790275345,4310.71
1790275346,4310.63
1790275347,4310.47
1790275348,4310.5
1790275349,4310.28
1790275350,4309.94
1790275351,4309.75
1790275352,4309.87
1790275353,4309.71
1790275354,4309.98
1790275355,4309.97
1790275356,4309.72
1790275357,4309.51
1790275358,4309.47
1790275359,4309.21
1790275360,4309.49
1790275361,4309.26
1790275362,4309.28
1790275363,4309.42
1790275364,4309.32
1790275365,4309.09
1790275366,4308.97
1790275367,4308.95
1790275368,4309.0
1790275369,4308.93
1790275370,4308.64
1790275371,4308.56
1790275372,4308.38
1790275373,4307.98
1790275374,4307.79
1790275375,4307.5
1790275376,4307.5
1790275377,4307.72
1790275378,4307.91
1790275379,4307.75
1790275380,4307.6
1790275381,4307.62
1790275382,4307.7
1790275383,4307.56
1790275384,4307.46
1790275385,4307.71
1790275386,4307.61
1790275387,4307.46
1790275388,4307.4
1790275389,4307.4
1790275390,4307.17
1790275391,4307.05
1790275392,4306.8
1790275393,4306.68
1790275394,4306.88
1790275395,4306.91
1790275396,4306.82
1790275397,4306.6
1790275398,4306.47
1790275399,4306.55
1790275400,4306.38
1790275401,4306.52
1790275402,4306.23
1790275403,4306.11
1790275404,4306.29
1790275405,4305.91
1790275406,4306.01
1790275407,4305.65
1790275408,4305.56
1790275409,4305.45
1790275410,4305.5
1790275411,4304.94
1790275412,4304.57
1790275413,4304.41
1790275414,4304.34
1790275415,4304.12
1790275416,4304.01
1790275417,4303.75
1790275418,4303.61
1790275419,4303.4
1790275420,4303.36
1790275421,4303.37
1790275422,4303.5
1790275423,4303.32
1790275424,4303.2
1790275425,4303.12
1790275426,4303.0
1790275427,4302.91
1790275428,4302.6
1790275429,4302.57
1790275430,4302.36
1790275431,4302.13
1790275432,4301.81
1790275433,4301.91
1790275434,4301.81
1790275435,4301.9
1790275436,4301.86
1790275437,4301.52
1790275438,4301.28
1790275439,4301.32
1790275440,4301.12
1790275441,4300.88
1790275442,4300.77
1790275443,4300.66
1790275444,4300.43
1790275445,4300.3
1790275446,4300.15
1790275447,4299.68
1790275448,4299.68
1790275449,4299.48
1790275450,4299.59
1790275451,4299.34
1790275452,4299.02
1790275453,4299.12
1790275454,4298.8
1790275455,4298.63
1790275456,4298.64
1790275457,4298.51
1790275458,4298.18
1790275459,4298.13
1790275460,4298.02
1790275461,4298.13
1790275462,4298.14
1790275463,4298.51
1790275464,4298.19
1790275465,4298.1
1790275466,4297.86
1790275467,4297.96
1790275468,4298.0
1790275469,4298.03
1790275470,4297.84
1790275471,4297.65
1790275472,4297.26
1790275473,4297.44
1790275474,4297.43
1790275475,4297.31
1790275476,4297.37
1790275477,4297.41
1790275478,4297.47
1790275479,4297.15
1790275480,4296.96
1790275481,4296.91
1790275482,4296.89
1790275483,4296.95
1790275484,4296.72
1790275485,4296.66
1790275486,4296.91
1790275487,4296.93
1790275488,4296.98
1790275489,4296.9
1790275490,4296.93
1790275491,4297.12
1790275492,4297.06
1790275493,4297.16
1790275494,4296.95
1790275495,4296.96
1790275496,4297.02
1790275497,4296.82
1790275498,4296.91
1790275499,4296.73
1790275500,4296.53
1790275501,4296.45
1790275502,4296.66
1790275503,4296.62
1790275504,4296.68
1790275505,4296.49
1790275506,4296.43
1790275507,4296.17
1790275508,4296.0
1790275509,4296.05
1790275510,4295.96
1790275511,4296.1
1790275512,4295.99
1790275513,4295.88
1790275514,4295.99
1790275515,4295.81
1790275516,4295.51
1790275517,4295.62
1790275518,4295.6
1790275519,4295.2
1790275520,4295.13
1790275521,4294.99
1790275522,4295.17
1790275523,4294.98
1790275524,4294.81
1790275525,4294.59
1790275526,4294.36
1790275527,4294.17
1790275528,4293.88
1790275529,4293.64
1790275530,4293.32
1790275531,4293.02
1790275532,4292.7
1790275533,4292.54
1790275534,4292.36
1790275535,4292.1
1790275536,4292.09
1790275537,4292.0
1790275538,4291.86
1790275539,4291.71
1790275540,4291.87
1790275541,4291.82
1790275542,4291.81
1790275543,4291.35
1790275544,4291.17
1790275545,4290.76
1790275546,4290.62
1790275547,4290.59
1790275548,4290.41
1790275549,4290.41
1790275550,4290.18
1790275551,4290.18
1790275552,4289.87
1790275553,4289.75
1790275554,4289.73
1790275555,4289.73
1790275556,4289.64
1790275557,4289.85
1790275558,4289.7
1790275559,4289.56
1790275560,4289.06
1790275561,4289.25
1790275562,4289.11
1790275563,4288.86
1790275564,4288.97
1790275565,4289.08
1790275566,4289.02
1790275567,4288.72
1790275568,4288.7
1790275569,4288.53
1790275570,4288.27
1790275571,4288.35
1790275572,4287.95
1790275573,4287.96
1790275574,4287.94
1790275575,4288.17
1790275576,4288.14
1790275577,4287.75
1790275578,4287.55
1790275579,4287.48
1790275580,4287.45
1790275581,4287.52
1790275582,4287.14
1790275583,4287.01
1790275584,4287.08
1790275585,4287.23
1790275586,4287.43
1790275587,4287.29
1790275588,4287.38
1790275589,4287.55
1790275590,4287.65
1790275591,4287.68
1790275592,4287.73
1790275593,4287.53
1790275594,4287.23
1790275595,4287.3
1790275596,4287.17
1790275597,4287.08
1790275598,4286.91
1790275599,4286.78
1790275600,4286.73
1790275601,4286.5
1790275602,4286.43
1790275603,4286.38
1790275604,4286.29
1790275605,4286.1
1790275606,4286.14
1790275607,4286.34
1790275608,4286.17
1790275609,4286.27
1790275610,4286.33
1790275611,4285.85
1790275612,4285.66
1790275613,4285.48
1790275614,4285.52
1790275615,4285.47
1790275616,4285.46
1790275617,4285.47
1790275618,4285.26
1790275619,4285.07
1790275620,4284.8
1790275621,4284.7
1790275622,4284.6
1790275623,4284.54
1790275624,4284.36
1790275625,4284.41
1790275626,4284.47
1790275627,4284.62
1790275628,4284.65
1790275629,4284.6
1790275630,4284.62
1790275631,4284.63
1790275632,4284.45
1790275633,4284.56
1790275634,4284.74
1790275635,4284.96
1790275636,4284.88
1790275637,4284.85
1790275638,4284.83
1790275639,4284.75
1790275640,4284.77
1790275641,4284.67
1790275642,4284.56
1790275643,4284.74
1790275644,4284.69
1790275645,4284.62
1790275646,4284.67
1790275647,4284.61
1790275648,4284.58
1790275649,4284.49
1790275650,4284.22
1790275651,4284.14
1790275652,4283.89
1790275653,4283.84
1790275654,4283.58
1790275655,4283.64
1790275656,4283.67
1790275657,4283.64
1790275658,4283.54
1790275659,4283.52
1790275660,4283.15
1790275661,4282.9
1790275662,4282.8
1790275663,4282.77
1790275664,4282.68
1790275665,4282.45
1790275666,4282.39
1790275667,4282.24
1790275668,4282.0
1790275669,4281.97
1790275670,4281.86
1790275671,4281.96
1790275672,4281.98
1790275673,4282.01
1790275674,4281.98
1790275675,4281.77
1790275676,4281.55
1790275677,4281.25
1790275678,4281.6
1790275679,4281.36
1790275680,4281.25
1790275681,4281.11
1790275682,4280.99
1790275683,4280.82
1790275684,4280.46
1790275685,4280.23
1790275686,4279.95
1790275687,4279.85
1790275688,4279.66
1790275689,4279.48
1790275690,4279.43
1790275691,4279.27
1790275692,4279.33
1790275693,4279.19
1790275694,4279.14
1790275695,4278.86
1790275696,4278.88
1790275697,4278.74
1790275698,4278.72
1790275699,4278.69
1790275700,4278.59
1790275701,4278.54
1790275702,4278.4
1790275703,4278.52
1790275704,4278.58
1790275705,4278.57
1790275706,4278.32
1790275707,4278.07
1790275708,4277.89
1790275709,4277.78
1790275710,4277.76
1790275711,4277.55
1790275712,4277.65
1790275713,4277.57
1790275714,4277.18
1790275715,4277.03
1790275716,4276.57
1790275717,4276.37
1790275718,4276.21
1790275719,4276.04
1790275720,4275.91
1790275721,4275.77
1790275722,4275.6
1790275723,4275.75
1790275724,4275.85
1790275725,4275.6
1790275726,4275.71
1790275727,4275.38
1790275728,4275.18
1790275729,4275.33
1790275730,4274.91
1790275731,4274.92
1790275732,4274.65
1790275733,4274.55
1790275734,4274.44
1790275735,4274.62
1790275736,4274.42
1790275737,4274.33
1790275738,4274.34
1790275739,4274.22
1790275740,4274.02
1790275741,4273.93
1790275742,4273.86
1790275743,4273.92
1790275744,4273.7
1790275745,4273.55
1790275746,4273.52
1790275747,4273.41
1790275748,4273.3
1790275749,4273.22
1790275750,4273.04
1790275751,4272.84
1790275752,4272.82
1790275753,4272.58
1790275754,4272.67
1790275755,4272.63
1790275756,4272.35
1790275757,4272.32
1790275758,4272.26
1790275759,4272.3
1790275760,4272.39
1790275761,4272.25
1790275762,4272.07
1790275763,4271.9
1790275764,4271.67
1790275765,4271.48
1790275766,4271.44
1790275767,4271.36
1790275768,4271.21
1790275769,4271.02
1790275770,4270.99
1790275771,4270.84
1790275772,4270.6
1790275773,4270.5
1790275774,4270.38
1790275775,4270.14
1790275776,4270.18
1790275777,4270.23
1790275778,4270.15
1790275779,4270.09
1790275780,4270.09
1790275781,4270.01
1790275782,4270.06
1790275783,4270.23
1790275784,4270.16
1790275785,4270.15
1790275786,4270.2
1790275787,4270.07
1790275788,4269.82
1790275789,4269.88
1790275790,4269.56
1790275791,4269.75
1790275792,4269.8
1790275793,4269.75
1790275794,4269.68
1790275795,4269.86
1790275796,4269.64
1790275797,4269.38
1790275798,4269.21
1790275799,4269.09
1790275800,4269.02
1790275801,4269.12
1790275802,4269.23
1790275803,4269.18
1790275804,4269.5
1790275805,4269.37
1790275806,4269.26
1790275807,4269.4
1790275808,4269.45
1790275809,4269.59
1790275810,4269.58
1790275811,4269.5
1790275812,4269.49
1790275813,4269.46
1790275814,4269.62
1790275815,4269.63
1790275816,4269.83
1790275817,4269.99
1790275818,4270.23
1790275819,4270.44
1790275820,4270.64
1790275821,4270.84
1790275822,4270.84
1790275823,4270.88
1790275824,4270.69
1790275825,4270.81
1790275826,4270.79
1790275827,4270.93
1790275828,4271.09
1790275829,4270.97
1790275830,4270.89
1790275831,4270.92
1790275832,4270.92
1790275833,4271.03
1790275834,4270.94
1790275835,4271.02
1790275836,4270.85
1790275837,4270.61
1790275838,4270.79
1790275839,4270.68
1790275840,4270.67
1790275841,4270.54
1790275842,4270.41
1790275843,4270.43
1790275844,4270.45
1790275845,4270.68
1790275846,4270.82
1790275847,4270.86
1790275848,4271.06
1790275849,4271.3
1790275850,4271.45
1790275851,4271.47
1790275852,4271.7
1790275853,4272.04
1790275854,4272.22
1790275855,4272.57
1790275856,4272.79
1790275857,4272.99
1790275858,4272.91
1790275859,4272.82
1790275860,4272.9
1790275861,4272.73
1790275862,4272.72
1790275863,4272.93
1790275864,4272.91
1790275865,4273.07
1790275866,4272.95
1790275867,4272.95
1790275868,4273.18
1790275869,4273.3
1790275870,4273.42
1790275871,4273.76
1790275872,4274.03
1790275873,4273.98
1790275874,4274.26
1790275875,4274.24
1790275876,4274.32
1790275877,4274.4
1790275878,4274.64
1790275879,4274.55
1790275880,4274.7
1790275881,4274.86
1790275882,4275.06
1790275883,4275.11
1790275884,4275.34
1790275885,4275.31
1790275886,4275.57
1790275887,4275.7
1790275888,4275.57
1790275889,4275.71
1790275890,4275.82
1790275891,4275.84
1790275892,4275.81
1790275893,4275.86
1790275894,4275.72
1790275895,4276.06
1790275896,4275.97
1790275897,4275.95
1790275898,4276.2
1790275899,4276.37
1790275900,4276.55
1790275901,4276.86
1790275902,4276.9
1790275903,4276.82
1790275904,4277.02
1790275905,4277.22
1790275906,4277.26
1790275907,4277.15
1790275908,4277.41
1790275909,4277.58
1790275910,4277.45
1790275911,4277.65
1790275912,4277.51
1790275913,4277.52
1790275914,4277.43
1790275915,4277.42
1790275916,4277.37
1790275917,4277.36
1790275918,4277.55
1790275919,4277.67
1790275920,4277.85
1790275921,4278.09
1790275922,4278.11
1790275923,4278.21
1790275924,4278.37
1790275925,4278.7
1790275926,4278.92
1790275927,4279.2
1790275928,4279.44
1790275929,4279.68
1790275930,4279.49
1790275931,4279.7
1790275932,4279.81
1790275933,4279.9
1790275934,4279.9
1790275935,4279.92
1790275936,4280.06
1790275937,4280.27
1790275938,4280.12
1790275939,4280.23
1790275940,4280.23
1790275941,4280.17
1790275942,4280.31
1790275943,4280.34
1790275944,4280.32
1790275945,4280.28
1790275946,4280.41
1790275947,4280.48
1790275948,4280.4
1790275949,4280.35
1790275950,4280.41
1790275951,4280.55
1790275952,4280.47
1790275953,4280.62
1790275954,4280.58
1790275955,4281.07
1790275956,4281.01
1790275957,4280.97
1790275958,4281.08
1790275959,4281.02
1790275960,4281.23
1790275961,4281.58
1790275962,4281.6
1790275963,4281.7
1790275964,4281.71
1790275965,4281.79
1790275966,4282.08
1790275967,4282.3
1790275968,4282.24
1790275969,4282.55
1790275970,4282.81
1790275971,4282.96
1790275972,4282.94
1790275973,4283.03
1790275974,4282.99
1790275975,4283.14
1790275976,4283.17
1790275977,4282.92
1790275978,4283.14
1790275979,4283.25
1790275980,4283.49
1790275981,4283.55
1790275982,4283.66
1790275983,4283.9
1790275984,4284.04
1790275985,4284.16
1790275986,4284.73
1790275987,4284.78
1790275988,4284.89
1790275989,4285.23
1790275990,4285.19
1790275991,4285.11
1790275992,4284.98
1790275993,4285.14
1790275994,4285.31
1790275995,4285.5
1790275996,4285.38
1790275997,4285.61
1790275998,4285.87
1790275999,4285.93
1790276000,4286.02
1790276001,4286.2
1790276002,4286.33
1790276003,4286.51
1790276004,4286.43
1790276005,4286.48
1790276006,4286.38
1790276007,4286.55
1790276008,4286.71
1790276009,4286.78
1790276010,4286.9
1790276011,4286.75
1790276012,4286.96
1790276013,4286.97
1790276014,4287.07
1790276015,4287.32
1790276016,4287.28
1790276017,4287.54
1790276018,4287.64
1790276019,4287.72
1790276020,4287.89
1790276021,4287.78
1790276022,4287.95
1790276023,4288.04
1790276024,4288.27
1790276025,4288.32
1790276026,4288.35
1790276027,4288.48
1790276028,4288.55
1790276029,4288.46
1790276030,4288.51
1790276031,4288.78
1790276032,4288.84
1790276033,4288.79
1790276034,4288.98
1790276035,4288.78
1790276036,4288.55
1790276037,4288.63
1790276038,4288.73
1790276039,4288.85
1790276040,4288.79
1790276041,4288.85
1790276042,4288.72
1790276043,4288.83
1790276044,4288.67
1790276045,4288.73
1790276046,4288.85
1790276047,4288.66
1790276048,4288.66
1790276049,4288.86
1790276050,4289.18
1790276051,4289.03
1790276052,4289.16
1790276053,4289.06
1790276054,4288.93
1790276055,4289.25
1790276056,4289.43
1790276057,4289.39
1790276058,4289.51
1790276059,4289.68
1790276060,4289.79
1790276061,4290.21
1790276062,4290.38
1790276063,4290.01
1790276064,4290.04
1790276065,4290.01
1790276066,4290.06
1790276067,4290.15
1790276068,4290.13
1790276069,4290.04
1790276070,4290.33
1790276071,4290.5
1790276072,4290.48
1790276073,4290.66
1790276074,4290.84
1790276075,4291.11
1790276076,4291.03
1790276077,4291.23
1790276078,4291.22
1790276079,4291.47
1790276080,4291.52
1790276081,4291.26
1790276082,4291.35
1790276083,4291.16
1790276084,4291.21
1790276085,4291.28
1790276086,4291.3
1790276087,4291.16
1790276088,4291.07
1790276089,4291.02
1790276090,4291.06
1790276091,4291.34
1790276092,4291.52
1790276093,4291.53
1790276094,4291.8
1790276095,4291.68
1790276096,4291.86
1790276097,4291.92
1790276098,4292.03
1790276099,4292.21
1790276100,4292.18
1790276101,4292.39
1790276102,4292.46
1790276103,4292.91
1790276104,4292.94
1790276105,4293.21
1790276106,4293.39
1790276107,4293.29
1790276108,4293.58
1790276109,4293.5
1790276110,4293.24
1790276111,4293.45
1790276112,4293.69
1790276113,4293.78
1790276114,4293.82
1790276115,4294.14
1790276116,4294.32
1790276117,4294.3
1790276118,4294.49
1790276119,4294.39
1790276120,4294.38
1790276121,4294.31
1790276122,4294.06
1790276123,4293.96
1790276124,4294.22
1790276125,4294.14
1790276126,4294.14
1790276127,4294.04
1790276128,4294.25
1790276129,4294.33
1790276130,4294.49
1790276131,4294.55
1790276132,4294.45
1790276133,4294.39
1790276134,4294.59
1790276135,4294.66
1790276136,4294.86
1790276137,4294.47
1790276138,4294.71
1790276139,4294.72
1790276140,4295.12
1790276141,4295.13
1790276142,4295.21
1790276143,4295.39
1790276144,4295.34
1790276145,4295.55
1790276146,4295.53
1790276147,4295.81
1790276148,4296.01
1790276149,4296.16
1790276150,4296.13
1790276151,4296.18
1790276152,4296.31
1790276153,4296.08
1790276154,4296.08
1790276155,4296.3
1790276156,4296.19
1790276157,4296.46
1790276158,4296.45
1790276159,4296.57
1790276160,4296.48
1790276161,4296.63
1790276162,4296.78
1790276163,4297.03
1790276164,4297.32
1790276165,4297.59
1790276166,4297.7
1790276167,4297.59
1790276168,4297.87
1790276169,4297.76
1790276170,4297.77
1790276171,4297.96
1790276172,4298.11
1790276173,4298.43
1790276174,4298.51
1790276175,4298.33
1790276176,4298.37
1790276177,4298.48
1790276178,4298.5
1790276179,4298.8
1790276180,4298.84
1790276181,4298.7
1790276182,4298.85
1790276183,4298.76
1790276184,4299.1
1790276185,4299.22
1790276186,4299.09
1790276187,4299.33
1790276188,4299.76
1790276189,4299.54
1790276190,4299.76
1790276191,4299.91
1790276192,4300.02
1790276193,4300.15
1790276194,4300.3
1790276195,4300.28
1790276196,4300.57
1790276197,4300.45
1790276198,4300.82
1790276199,4301.13
1790276200,4301.03
1790276201,4301.11
1790276202,4301.41
1790276203,4301.41
1790276204,4301.47
1790276205,4301.49
1790276206,4301.74
1790276207,4301.73
1790276208,4301.81
1790276209,4301.97
1790276210,4302.02
1790276211,4301.97
1790276212,4301.85
1790276213,4301.7
1790276214,4301.6
1790276215,4301.43
1790276216,4301.4
1790276217,4301.52
1790276218,4301.61
1790276219,4301.57
1790276220,4301.49
1790276221,4301.42
1790276222,4301.3
1790276223,4301.19
1790276224,4301.38
1790276225,4301.25
1790276226,4301.33
1790276227,4301.32
1790276228,4301.76
1790276229,4301.57
1790276230,4301.68
1790276231,4301.71
1790276232,4301.67
1790276233,4301.8
1790276234,4301.91
1790276235,4301.83
1790276236,4301.97
1790276237,4302.11
1790276238,4302.38
1790276239,4302.37
1790276240,4302.67
1790276241,4302.72
1790276242,4302.51
1790276243,4302.67
1790276244,4302.73
1790276245,4302.68
1790276246,4302.9
1790276247,4302.91
1790276248,4303.14
1790276249,4303.21
1790276250,4303.4
1790276251,4303.58
1790276252,4303.74
1790276253,4303.66
1790276254,4303.88
1790276255,4303.96
1790276256,4304.34
1790276257,4304.49
1790276258,4304.69
1790276259,4304.65
1790276260,4304.67
1790276261,4304.77
1790276262,4304.67
1790276263,4304.57
1790276264,4304.64
1790276265,4304.71
1790276266,4304.82
1790276267,4305.06
1790276268,4305.08
1790276269,4305.27
1790276270,4305.32
1790276271,4305.38
1790276272,4305.49
1790276273,4305.26
1790276274,4305.35
1790276275,4305.34
1790276276,4305.28
1790276277,4305.08
1790276278,4305.09
1790276279,4304.89
1790276280,4305.1
1790276281,4305.14
1790276282,4304.97
1790276283,4304.95
1790276284,4305.14
1790276285,4305.13
1790276286,4305.17
1790276287,4305.2
1790276288,4305.26
1790276289,4305.08
1790276290,4305.15
1790276291,4305.15
1790276292,4305.67
1790276293,4305.72
1790276294,4305.73
1790276295,4305.96
1790276296,4306.02
1790276297,4306.14
1790276298,4306.09
1790276299,4306.4
1790276300,4306.38
1790276301,4306.52
1790276302,4306.77
1790276303,4306.81
1790276304,4306.88
1790276305,4307.05
1790276306,4307.24
1790276307,4307.15
1790276308,4307.26
1790276309,4307.2
1790276310,4307.17
1790276311,4307.15
1790276312,4307.41
1790276313,4307.73
1790276314,4308.2
1790276315,4308.27
1790276316,4308.23
1790276317,4308.16
1790276318,4308.48
1790276319,4308.33
1790276320,4308.36
1790276321,4308.36
1790276322,4308.7
1790276323,4308.63
1790276324,4308.87
1790276325,4309.15
1790276326,4309.21
1790276327,4309.36
1790276328,4309.21
1790276329,4309.27
1790276330,4309.32
1790276331,4309.01
1790276332,4309.16
1790276333,4309.29
1790276334,4309.11
1790276335,4308.98
1790276336,4308.95
1790276337,4308.95
1790276338,4308.99
1790276339,4308.92
1790276340,4308.85
1790276341,4308.98
1790276342,4308.98
1790276343,4309.05
1790276344,4309.09
1790276345,4309.24
1790276346,4309.3
1790276347,4309.51
1790276348,4309.6
1790276349,4309.82
1790276350,4310.08
1790276351,4309.95
1790276352,4310.16
1790276353,4310.51
1790276354,4310.45
1790276355,4310.52
1790276356,4310.55
1790276357,4310.69
1790276358,4310.85
1790276359,4310.83
1790276360,4311.11
1790276361,4311.06
1790276362,4311.12
1790276363,4311.35
1790276364,4311.73
1790276365,4311.73
1790276366,4311.93
1790276367,4312.04
1790276368,4311.88
1790276369,4311.82
1790276370,4311.72
1790276371,4311.72
1790276372,4311.74
1790276373,4311.82
1790276374,4312.1
1790276375,4312.24
1790276376,4312.72
1790276377,4312.76
1790276378,4312.96
1790276379,4313.1
1790276380,4313.41
1790276381,4313.43
1790276382,4313.64
1790276383,4313.96
1790276384,4313.93
1790276385,4314.0
1790276386,4314.16
1790276387,4314.17
1790276388,4314.12
1790276389,4314.48
1790276390,4314.52
1790276391,4314.86
1790276392,4314.86
1790276393,4314.91
1790276394,4315.11
1790276395,4315.16
1790276396,4315.11
1790276397,4315.08
1790276398,4315.2
1790276399,4315.18
1790276400,4315.11
1790276401,4314.7
1790276402,4314.53
1790276403,4314.42
1790276404,4314.27
1790276405,4314.04
1790276406,4313.83
1790276407,4313.76
1790276408,4313.9
1790276409,4313.61
1790276410,4313.49
1790276411,4313.56
1790276412,4313.53
1790276413,4313.43
1790276414,4313.28
1790276415,4313.21
1790276416,4313.11
1790276417,4312.7
1790276418,4312.52
1790276419,4312.14
1790276420,4312.26
1790276421,4312.3
1790276422,4312.1
1790276423,4312.14
1790276424,4312.43
1790276425,4312.26
1790276426,4312.37
1790276427,4312.35
1790276428,4312.23
1790276429,4311.98
1790276430,4311.82
1790276431,4311.68
1790276432,4311.25
1790276433,4311.25
1790276434,4311.13
1790276435,4311.11
1790276436,4310.97
1790276437,4311.34
1790276438,4311.01
1790276439,4310.79
1790276440,4310.82
1790276441,4311.09
1790276442,4310.86
1790276443,4311.06
1790276444,4310.84
1790276445,4310.95
1790276446,4310.89
1790276447,4311.14
1790276448,4311.33
1790276449,4311.15
1790276450,4311.51
1790276451,4311.26
1790276452,4311.13
1790276453,4311.33
1790276454,4311.14
1790276455,4310.96
1790276456,4310.9
1790276457,4310.89
1790276458,4310.86
1790276459,4310.67
1790276460,4310.62
1790276461,4310.64
1790276462,4310.78
1790276463,4310.75
1790276464,4310.49
1790276465,4310.41
1790276466,4310.24
1790276467,4310.35
1790276468,4310.02
1790276469,4310.03
1790276470,4309.79
1790276471,4309.9
1790276472,4309.93
1790276473,4309.89
1790276474,4309.88
1790276475,4309.75
1790276476,4309.77
1790276477,4309.69
1790276478,4309.72
1790276479,4309.64
1790276480,4309.19
1790276481,4309.03
1790276482,4309.18
1790276483,4309.32
1790276484,4309.26
1790276485,4309.16
1790276486,4309.03
1790276487,4309.04
1790276488,4309.05
1790276489,4308.82
1790276490,4308.84
1790276491,4308.95
1790276492,4308.72
1790276493,4308.61
1790276494,4308.6
1790276495,4308.63
1790276496,4308.49
1790276497,4308.33
1790276498,4308.18
1790276499,4308.16
1790276500,4308.14
1790276501,4308.06
1790276502,4307.77
1790276503,4307.53
1790276504,4307.55
1790276505,4307.28
1790276506,4307.24
1790276507,4307.1
1790276508,4306.93
1790276509,4306.86
1790276510,4307.03
1790276511,4306.99
1790276512,4306.87
1790276513,4306.57
1790276514,4306.56
1790276515,4306.65
1790276516,4306.66
1790276517,4306.76
1790276518,4306.75
1790276519,4306.48
1790276520,4306.39
1790276521,4306.39
1790276522,4306.42
1790276523,4306.26
1790276524,4306.17
1790276525,4306.15
1790276526,4306.26
1790276527,4306.33
1790276528,4306.35
1790276529,4306.33
1790276530,4306.09
1790276531,4305.85
1790276532,4305.75
1790276533,4305.83
1790276534,4305.81
1790276535,4305.81
1790276536,4305.51
1790276537,4305.21
1790276538,4305.3
1790276539,4305.21
1790276540,4304.93
1790276541,4304.99
1790276542,4304.94
1790276543,4305.31
1790276544,4305.41
1790276545,4305.39
1790276546,4305.28
1790276547,4305.24
1790276548,4305.14
1790276549,4304.85
1790276550,4304.91
1790276551,4304.87
1790276552,4304.37
1790276553,4304.2
1790276554,4304.0
1790276555,4304.06
1790276556,4303.98
1790276557,4304.12
1790276558,4303.8
1790276559,4303.56
1790276560,4303.64
1790276561,4303.46
1790276562,4303.22
1790276563,4303.06
1790276564,4302.87
1790276565,4302.87
1790276566,4302.96
1790276567,4302.64
1790276568,4302.52
1790276569,4302.44
1790276570,4302.37
1790276571,4302.42
1790276572,4302.35
1790276573,4302.19
1790276574,4301.94
1790276575,4301.59
1790276576,4301.45
1790276577,4301.37
1790276578,4301.43
1790276579,4301.29
1790276580,4301.56
1790276581,4301.47
1790276582,4301.32
1790276583,4301.3
1790276584,4301.07
1790276585,4301.02
1790276586,4300.63
1790276587,4300.65
1790276588,4300.58
1790276589,4300.53
1790276590,4300.48
1790276591,4300.21
1790276592,4299.99
1790276593,4300.15
1790276594,4300.14
1790276595,4299.97
1790276596,4299.95
1790276597,4299.94
1790276598,4300.15
1790276599,4300.24
1790276600,4300.22
1790276601,4300.07
1790276602,4300.26
1790276603,4300.16
1790276604,4299.95
1790276605,4299.69
1790276606,4299.48
1790276607,4299.34
1790276608,4299.38
1790276609,4299.44
1790276610,4299.53
1790276611,4299.47
1790276612,4299.52
1790276613,4299.78
1790276614,4299.83
1790276615,4299.99
1790276616,4299.69
1790276617,4299.49
1790276618,4299.3
1790276619,4298.82
1790276620,4298.75
1790276621,4298.88
1790276622,4298.72
1790276623,4298.67
1790276624,4298.46
1790276625,4298.31
1790276626,4298.27
1790276627,4298.01
1790276628,4298.11
1790276629,4297.74
1790276630,4297.71
1790276631,4297.55
1790276632,4297.7
1790276633,4297.73
1790276634,4297.34
1790276635,4296.9
1790276636,4296.67
1790276637,4296.51
1790276638,4296.4
1790276639,4296.33
1790276640,4296.35
1790276641,4296.06
1790276642,4295.71
1790276643,4295.67
1790276644,4295.54
1790276645,4295.44
1790276646,4295.26
1790276647,4295.16
1790276648,4295.3
1790276649,4294.98
1790276650,4294.71
1790276651,4294.73
1790276652,4294.89
1790276653,4294.77
1790276654,4294.51
1790276655,4294.12
1790276656,4294.08
1790276657,4293.82
1790276658,4294.06
1790276659,4294.33
1790276660,4294.29
1790276661,4294.28
1790276662,4294.18
1790276663,4294.27
1790276664,4294.19
1790276665,4294.12
1790276666,4294.25
1790276667,4294.26
1790276668,4294.5
1790276669,4294.18
1790276670,4294.01
1790276671,4293.8
1790276672,4293.84
1790276673,4293.69
1790276674,4293.7
1790276675,4293.44
1790276676,4293.35
1790276677,4293.61
1790276678,4293.78
1790276679,4293.42
1790276680,4293.39
1790276681,4293.44
1790276682,4293.28
1790276683,4293.04
1790276684,4293.06
1790276685,4292.99
1790276686,4292.99
1790276687,4292.89
1790276688,4293.16
1790276689,4292.94
1790276690,4292.79
1790276691,4292.79
1790276692,4292.82
1790276693,4292.53
1790276694,4292.64
1790276695,4292.35
1790276696,4292.27
1790276697,4292.14
1790276698,4291.95
1790276699,4292.04
1790276700,4291.61
1790276701,4291.42
1790276702,4291.21
1790276703,4291.26
1790276704,4291.41
1790276705,4291.45
1790276706,4291.58
1790276707,4291.16
1790276708,4291.11
1790276709,4290.82
1790276710,4290.68
1790276711,4290.64
1790276712,4290.57
1790276713,4290.7
1790276714,4290.32
1790276715,4290.12
1790276716,4289.82
1790276717,4289.49
1790276718,4289.56
1790276719,4289.51
1790276720,4289.66
1790276721,4289.76
1790276722,4289.69
1790276723,4289.47
1790276724,4289.53
1790276725,4289.35
1790276726,4289.09
1790276727,4288.84
1790276728,4288.78
1790276729,4288.89
1790276730,4288.81
1790276731,4288.92
1790276732,4288.85
1790276733,4288.71
1790276734,4289.04
1790276735,4289.23
1790276736,4289.18
1790276737,4288.97
1790276738,4288.65
1790276739,4288.63
1790276740,4288.51
1790276741,4288.5
1790276742,4288.47
1790276743,4288.46
1790276744,4288.55
1790276745,4288.52
1790276746,4288.33
1790276747,4288.13
1790276748,4288.14
1790276749,4287.9
1790276750,4287.93
1790276751,4287.95
1790276752,4287.87
1790276753,4287.67
1790276754,4287.32
1790276755,4287.07
1790276756,4286.75
1790276757,4286.67
1790276758,4286.53
1790276759,4286.31
1790276760,4286.36
1790276761,4286.3
1790276762,4286.23
1790276763,4286.23
1790276764,4286.31
1790276765,4285.99
1790276766,4286.01
1790276767,4285.66
1790276768,4285.46
1790276769,4285.53
1790276770,4285.56
1790276771,4285.58
1790276772,4285.52
1790276773,4285.66
1790276774,4285.35
1790276775,4285.22
1790276776,4285.15
1790276777,4285.37
1790276778,4285.45
1790276779,4285.52
1790276780,4285.33
1790276781,4285.59
1790276782,4285.58
1790276783,4285.34
1790276784,4285.62
1790276785,4285.32
1790276786,4285.11
1790276787,4285.0
1790276788,4284.77
1790276789,4284.77
1790276790,4284.73
1790276791,4284.67
1790276792,4284.87
1790276793,4284.55
1790276794,4284.67
1790276795,4284.47
1790276796,4284.61
1790276797,4284.81
1790276798,4285.08
1790276799,4284.97
1790276800,4284.72
1790276801,4284.68
1790276802,4284.6
1790276803,4284.25
1790276804,4284.28
1790276805,4284.06
1790276806,4284.2
1790276807,4284.27
1790276808,4284.14
1790276809,4284.07
1790276810,4283.95
1790276811,4283.8
1790276812,4284.19
1790276813,4283.97
1790276814,4283.9
1790276815,4283.96
1790276816,4283.83
1790276817,4283.65
1790276818,4283.37
1790276819,4283.47
1790276820,4283.5
1790276821,4283.49
1790276822,4283.18
1790276823,4283.18
1790276824,4283.14
1790276825,4283.01
1790276826,4282.72
1790276827,4282.64
1790276828,4282.43
1790276829,4282.36
1790276830,4282.29
1790276831,4282.16
1790276832,4282.21
1790276833,4282.12
1790276834,4282.12
1790276835,4282.1
1790276836,4282.17
1790276837,4281.95
1790276838,4281.82
1790276839,4281.87
1790276840,4281.82
1790276841,4281.91
1790276842,4281.94
1790276843,4281.79
1790276844,4281.84
1790276845,4281.72
1790276846,4281.79
1790276847,4281.99
1790276848,4282.07
1790276849,4282.33
1790276850,4282.02
1790276851,4281.86
1790276852,4281.74
1790276853,4281.6
1790276854,4281.57
1790276855,4281.44
1790276856,4281.52
1790276857,4281.59
1790276858,4281.57
1790276859,4281.34
1790276860,4281.34
1790276861,4281.37
1790276862,4281.34
1790276863,4281.26
1790276864,4281.39
1790276865,4281.23
1790276866,4281.1
1790276867,4281.12
1790276868,4281.12
1790276869,4281.16
1790276870,4281.04
1790276871,4280.76
1790276872,4280.5
1790276873,4280.35
1790276874,4280.39
1790276875,4280.43
1790276876,4280.08
1790276877,4280.08
1790276878,4279.99
1790276879,4279.75
1790276880,4280.0
1790276881,4279.96
1790276882,4280.0
1790276883,4280.31
1790276884,4280.14
1790276885,4280.0
1790276886,4280.14
1790276887,4279.87
1790276888,4279.8
1790276889,4279.73
1790276890,4279.79
1790276891,4279.77
1790276892,4279.55
1790276893,4279.62
1790276894,4279.67
1790276895,4279.43
1790276896,4279.25
1790276897,4279.09
1790276898,4278.83
1790276899,4278.91
1790276900,4278.79
1790276901,4278.66
1790276902,4278.43
1790276903,4278.29
1790276904,4278.43
1790276905,4278.46
1790276906,4278.14
1790276907,4277.91
1790276908,4277.93
1790276909,4277.77
1790276910,4277.61
1790276911,4277.4
1790276912,4277.12
1790276913,4277.06
1790276914,4276.92
1790276915,4277.01
1790276916,4276.92
1790276917,4276.7
1790276918,4276.72
1790276919,4276.84
1790276920,4276.65
1790276921,4276.32
1790276922,4276.16
1790276923,4275.88
1790276924,4276.05
1790276925,4275.76
1790276926,4275.63
1790276927,4275.77
1790276928,4275.82
1790276929,4275.67
1790276930,4275.47
1790276931,4275.36
1790276932,4275.24
1790276933,4275.39
1790276934,4275.29
1790276935,4275.0
1790276936,4275.07
1790276937,4275.15
1790276938,4275.03
1790276939,4275.07
1790276940,4275.0
1790276941,4274.74
1790276942,4274.64
1790276943,4274.39
1790276944,4274.22
1790276945,4274.0
1790276946,4273.97
1790276947,4273.91
1790276948,4273.64
1790276949,4273.42
1790276950,4273.34
1790276951,4273.33
1790276952,4273.26
1790276953,4272.85
1790276954,4272.96
1790276955,4273.15
1790276956,4273.3
1790276957,4273.3
1790276958,4273.33
1790276959,4273.15
1790276960,4273.1
1790276961,4272.85
1790276962,4272.78
1790276963,4272.49
1790276964,4272.5
1790276965,4272.36
1790276966,4272.4
1790276967,4272.35
1790276968,4272.2
1790276969,4272.24
1790276970,4271.99
1790276971,4271.87
1790276972,4271.71
1790276973,4271.74
1790276974,4271.65
1790276975,4271.61
1790276976,4271.61
1790276977,4271.18
1790276978,4270.96
1790276979,4270.89
1790276980,4270.97
1790276981,4270.97
1790276982,4271.09
1790276983,4270.98
1790276984,4270.91
1790276985,4270.76
1790276986,4270.61
1790276987,4270.41
1790276988,4270.24
1790276989,4270.14
1790276990,4269.96
1790276991,4269.88
1790276992,4269.53
1790276993,4269.51
1790276994,4269.46
1790276995,4269.45
1790276996,4269.3
1790276997,4269.14
1790276998,4269.21
1790276999,4269.1
1790277000,4269.48
1790277001,4269.35
1790277002,4269.39
1790277003,4269.31
1790277004,4269.27
1790277005,4269.23
1790277006,4269.24
1790277007,4269.43
1790277008,4269.34
1790277009,4269.51
1790277010,4269.38
1790277011,4269.4
1790277012,4269.68
1790277013,4269.82
1790277014,4269.95
1790277015,4270.12
1790277016,4270.29
1790277017,4270.46
1790277018,4270.75
1790277019,4270.68
1790277020,4270.74
1790277021,4270.92
1790277022,4271.11
1790277023,4271.28
1790277024,4271.55
1790277025,4271.56
1790277026,4271.44
1790277027,4271.71
1790277028,4271.79
1790277029,4271.78
1790277030,4271.87
1790277031,4271.88
1790277032,4272.12
1790277033,4272.33
1790277034,4272.46
1790277035,4272.62
1790277036,4272.7
1790277037,4272.94
1790277038,4272.66
1790277039,4272.57
1790277040,4272.64
1790277041,4272.66
1790277042,4272.59
1790277043,4272.77
1790277044,4272.7
1790277045,4272.81
1790277046,4272.91
1790277047,4273.0
1790277048,4272.96
1790277049,4273.01
1790277050,4273.27
1790277051,4273.43
1790277052,4273.66
1790277053,4273.73
1790277054,4273.55
1790277055,4273.56
1790277056,4273.62
1790277057,4273.89
1790277058,4274.14
1790277059,4274.29
1790277060,4274.24
1790277061,4274.34
1790277062,4274.38
1790277063,4274.42
1790277064,4274.32
1790277065,4274.47
1790277066,4274.54
1790277067,4274.74
1790277068,4274.6
1790277069,4274.51
1790277070,4275.14
1790277071,4275.09
1790277072,4275.21
1790277073,4275.36
1790277074,4275.29
1790277075,4275.63
1790277076,4275.7
1790277077,4275.8
1790277078,4276.16
1790277079,4276.12
1790277080,4276.12
1790277081,4276.15
1790277082,4276.03
1790277083,4276.15
1790277084,4276.3
1790277085,4276.41
1790277086,4276.58
1790277087,4276.79
1790277088,4276.92
1790277089,4276.97
1790277090,4277.23
1790277091,4277.21
1790277092,4277.5
1790277093,4277.55
1790277094,4277.74
1790277095,4278.1
1790277096,4277.84
1790277097,4277.89
1790277098,4277.91
1790277099,4278.24
1790277100,4278.26
1790277101,4278.75
1790277102,4278.6
1790277103,4278.73
1790277104,4278.76
1790277105,4278.91
1790277106,4278.91
1790277107,4278.92
1790277108,4278.73
1790277109,4278.82
1790277110,4278.68
1790277111,4278.56
1790277112,4278.66
1790277113,4278.72
1790277114,4278.95
1790277115,4278.83
1790277116,4278.97
1790277117,4279.1
1790277118,4279.13
1790277119,4279.09
1790277120,4279.16
1790277121,4279.37
1790277122,4279.4
1790277123,4279.61
1790277124,4279.64
1790277125,4279.98
1790277126,4280.07
1790277127,4280.12
1790277128,4279.96
1790277129,4279.82
1790277130,4279.96
1790277131,4280.01
1790277132,4280.13
1790277133,4280.11
1790277134,4280.16
1790277135,4280.15
1790277136,4280.28
1790277137,4280.32
1790277138,4280.68
1790277139,4280.66
1790277140,4280.91
1790277141,4280.83
1790277142,4280.84
1790277143,4280.79
1790277144,4281.06
1790277145,4281.21
1790277146,4281.31
1790277147,4281.42
1790277148,4281.34
1790277149,4281.63
1790277150,4281.92
1790277151,4281.99
1790277152,4282.08
1790277153,4282.25
1790277154,4282.31
1790277155,4282.36
1790277156,4282.36
1790277157,4282.39
1790277158,4282.4
1790277159,4282.59
1790277160,4282.62
1790277161,4282.64
1790277162,4282.62
1790277163,4282.48
1790277164,4282.79
1790277165,4282.95
1790277166,4283.16
1790277167,4283.16
1790277168,4283.46
1790277169,4283.56
1790277170,4283.86
1790277171,4283.93
1790277172,4284.01
1790277173,4284.01
1790277174,4284.1
1790277175,4284.21
1790277176,4284.52
1790277177,4284.83
1790277178,4284.92
1790277179,4285.18
1790277180,4284.86
1790277181,4284.87
1790277182,4284.98
1790277183,4285.2
1790277184,4285.34
1790277185,4285.41
1790277186,4285.42
1790277187,4285.38
1790277188,4285.75
1790277189,4286.0
1790277190,4286.27
1790277191,4286.35
1790277192,4286.35
1790277193,4286.52
1790277194,4286.59
1790277195,4286.65
1790277196,4286.73
1790277197,4286.72
1790277198,4286.67
1790277199,4286.71
1790277200,4286.58
1790277201,4286.75
1790277202,4286.96
1790277203,4286.92
1790277204,4286.73
1790277205,4286.87
1790277206,4286.98
1790277207,4287.06
1790277208,4286.94
1790277209,4286.74
1790277210,4287.07
1790277211,4287.12
1790277212,4287.28
1790277213,4287.35
1790277214,4287.49
1790277215,4287.38
1790277216,4287.39
1790277217,4287.27
1790277218,4287.18
1790277219,4287.16
1790277220,4286.97
1790277221,4286.98
1790277222,4286.95
1790277223,4286.85
1790277224,4286.91
1790277225,4286.99
1790277226,4286.95
1790277227,4287.33
1790277228,4287.51
1790277229,4287.76
1790277230,4287.79
1790277231,4288.01
1790277232,4288.2
1790277233,4288.13
1790277234,4288.11
1790277235,4288.62
1790277236,4288.64
1790277237,4288.8
1790277238,4288.84
1790277239,4289.05
1790277240,4288.98
1790277241,4288.91
1790277242,4289.16
1790277243,4289.27
1790277244,4288.98
1790277245,4289.06
1790277246,4289.11
1790277247,4289.3
1790277248,4289.43
1790277249,4289.56
1790277250,4289.65
1790277251,4289.78
1790277252,4289.68
1790277253,4289.64
1790277254,4289.59
1790277255,4289.47
1790277256,4289.67
1790277257,4289.91
1790277258,4290.08
1790277259,4290.07
1790277260,4290.07
1790277261,4290.09
1790277262,4290.33
1790277263,4290.49
1790277264,4290.83
1790277265,4290.77
1790277266,4290.81
1790277267,4290.71
1790277268,4290.57
1790277269,4290.63
1790277270,4290.66
1790277271,4290.66
1790277272,4290.51
1790277273,4290.62
1790277274,4290.66
1790277275,4290.88
1790277276,4291.04
1790277277,4290.92
1790277278,4291.06
1790277279,4291.05
1790277280,4291.36
1790277281,4291.44
1790277282,4291.44
1790277283,4291.46
1790277284,4291.32
1790277285,4291.59
1790277286,4291.98
1790277287,4291.81
1790277288,4291.85
1790277289,4291.91
1790277290,4291.9
1790277291,4292.16
1790277292,4292.43
1790277293,4292.47
1790277294,4292.87
1790277295,4292.95
1790277296,4292.99
1790277297,4293.12
1790277298,4293.08
1790277299,4293.38
1790277300,4293.55
1790277301,4293.58
1790277302,4293.63
1790277303,4293.58
1790277304,4293.7
1790277305,4293.58
1790277306,4293.66
1790277307,4293.67
1790277308,4293.83
1790277309,4294.07
1790277310,4294.26
1790277311,4294.33
1790277312,4294.3
1790277313,4294.34
1790277314,4294.41
1790277315,4294.57
1790277316,4294.56
1790277317,4294.5
1790277318,4294.6
1790277319,4294.89
1790277320,4295.25
1790277321,4295.45
1790277322,4295.38
1790277323,4295.67
1790277324,4295.62
1790277325,4295.59
1790277326,4295.73
1790277327,4295.6
1790277328,4295.8
1790277329,4295.87
1790277330,4296.01
1790277331,4295.97
1790277332,4296.18
1790277333,4296.33
1790277334,4296.36
1790277335,4296.58
1790277336,4296.26
1790277337,4296.4
1790277338,4296.46
1790277339,4296.42
1790277340,4296.53
1790277341,4296.68
1790277342,4296.65
1790277343,4296.72
1790277344,4296.79
1790277345,4296.93
1790277346,4297.19
1790277347,4297.2
1790277348,4297.48
1790277349,4297.36
1790277350,4297.49
1790277351,4297.31
1790277352,4297.4
1790277353,4297.59
1790277354,4297.97
1790277355,4298.06
1790277356,4298.03
1790277357,4298.26
1790277358,4298.35
1790277359,4298.44
1790277360,4298.66
1790277361,4298.91
1790277362,4298.73
1790277363,4298.81
1790277364,4298.89
1790277365,4298.81
1790277366,4298.65
1790277367,4298.72
1790277368,4298.73
1790277369,4298.7
1790277370,4298.76
1790277371,4298.79
1790277372,4298.87
1790277373,4299.18
1790277374,4299.26
1790277375,4299.62
1790277376,4299.89
1790277377,4300.11
1790277378,4300.08
1790277379,4300.12
1790277380,4300.06
1790277381,4300.21
1790277382,4300.27
1790277383,4300.42
1790277384,4300.55
1790277385,4300.65
1790277386,4300.68
1790277387,4300.61
1790277388,4300.63
1790277389,4300.81
1790277390,4300.87
1790277391,4300.94
1790277392,4301.15
1790277393,4301.3
1790277394,4301.16
1790277395,4301.23
1790277396,4301.18
1790277397,4301.25
1790277398,4301.39
1790277399,4301.55
1790277400,4301.88
1790277401,4301.88
1790277402,4301.92
1790277403,4302.08
1790277404,4302.31
1790277405,4302.23
1790277406,4302.42
1790277407,4302.59
1790277408,4302.65
1790277409,4302.69
1790277410,4302.88
1790277411,4303.02
1790277412,4303.16
1790277413,4303.13
1790277414,4302.96
1790277415,4303.02
1790277416,4303.06
1790277417,4303.21
1790277418,4303.18
1790277419,4303.35
1790277420,4303.49
1790277421,4303.46
1790277422,4303.68
1790277423,4303.71
1790277424,4303.69
1790277425,4303.8
1790277426,4303.88
1790277427,4303.83
1790277428,4304.0
1790277429,4304.08
1790277430,4304.04
1790277431,4303.86
1790277432,4304.01
1790277433,4304.1
1790277434,4304.2
1790277435,4304.48
1790277436,4304.19
1790277437,4304.46
1790277438,4304.75
1790277439,4304.68
1790277440,4304.91
1790277441,4304.87
1790277442,4304.79
1790277443,4304.86
1790277444,4305.21
1790277445,4305.35
1790277446,4305.43
1790277447,4305.65
1790277448,4305.63
1790277449,4305.94
1790277450,4306.25
1790277451,4306.4
1790277452,4306.36
1790277453,4306.6
1790277454,4306.72
1790277455,4306.9
1790277456,4307.15
1790277457,4307.3
1790277458,4307.24
1790277459,4307.55
1790277460,4307.67
1790277461,4307.8
1790277462,4307.97
1790277463,4308.09
1790277464,4308.29
1790277465,4308.4
1790277466,4308.45
1790277467,4308.45
1790277468,4308.45
1790277469,4308.49
1790277470,4308.72
1790277471,4308.75
1790277472,4308.81
1790277473,4308.87
1790277474,4309.03
1790277475,4309.21
1790277476,4309.59
1790277477,4309.46
1790277478,4309.5
1790277479,4309.67
1790277480,4309.5
1790277481,4309.84
1790277482,4309.9
1790277483,4309.86
1790277484,4310.09
1790277485,4309.84
1790277486,4309.95
1790277487,4309.88
1790277488,4309.96
1790277489,4310.09
1790277490,4310.29
1790277491,4310.44
1790277492,4310.83
1790277493,4310.92
1790277494,4310.95
1790277495,4311.21
1790277496,4311.28
1790277497,4311.42
1790277498,4310.91
1790277499,4311.06
1790277500,4311.13
1790277501,4311.14
1790277502,4311.13
1790277503,4311.34
1790277504,4311.11
1790277505,4311.67
1790277506,4311.92
1790277507,4312.06
1790277508,4312.42
1790277509,4312.54
1790277510,4312.49
1790277511,4312.72
1790277512,4312.56
1790277513,4312.73
1790277514,4312.99
1790277515,4313.15
1790277516,4313.01
1790277517,4313.12
1790277518,4313.18
1790277519,4313.15
1790277520,4312.88
1790277521,4312.79
1790277522,4312.79
1790277523,4313.04
1790277524,4313.53
1790277525,4313.74
1790277526,4313.7
1790277527,4313.72
1790277528,4313.96
1790277529,4314.13
1790277530,4314.27
1790277531,4314.39
1790277532,4314.65
1790277533,4315.06
1790277534,4315.14
1790277535,4315.25
1790277536,4315.4
1790277537,4315.41
1790277538,4315.17
1790277539,4315.32
1790277540,4315.29
1790277541,4315.57
1790277542,4315.67
1790277543,4315.98
1790277544,4315.93
1790277545,4316.18
1790277546,4316.02
1790277547,4316.24
1790277548,4316.28
1790277549,4316.5
1790277550,4316.53
1790277551,4316.71
1790277552,4316.87
1790277553,4317.0
1790277554,4317.15
1790277555,4317.48
1790277556,4317.48
1790277557,4317.77
1790277558,4317.79
1790277559,4318.06
1790277560,4318.49
1790277561,4318.45
1790277562,4318.2
1790277563,4318.31
1790277564,4318.28
1790277565,4318.28
1790277566,4318.32
1790277567,4318.32
1790277568,4318.61
1790277569,4318.86
1790277570,4319.11
1790277571,4319.54
1790277572,4319.5
1790277573,4319.21
1790277574,4319.59
1790277575,4319.71
1790277576,4319.78
1790277577,4319.59
1790277578,4319.47
1790277579,4319.65
1790277580,4319.71
1790277581,4319.47
1790277582,4319.41
1790277583,4319.64
1790277584,4319.92
1790277585,4320.03
1790277586,4320.53
1790277587,4320.77
1790277588,4321.12
1790277589,4321.4
1790277590,4321.6
1790277591,4321.48
1790277592,4321.32
1790277593,4321.29
1790277594,4321.41
1790277595,4321.49
1790277596,4321.63
1790277597,4321.7
1790277598,4321.86
1790277599,4322.08
1790277600,4322.0
1790277601,4321.88
1790277602,4321.41
1790277603,4321.46
1790277604,4321.26
1790277605,4321.05
1790277606,4321.1
1790277607,4321.15
1790277608,4321.18
1790277609,4321.24
1790277610,4321.0
1790277611,4320.88
1790277612,4320.72
1790277613,4320.9
1790277614,4320.95
1790277615,4320.83
1790277616,4320.88
1790277617,4320.85
1790277618,4320.76
1790277619,4320.75
1790277620,4320.79
1790277621,4320.69
1790277622,4320.42
1790277623,4320.4
1790277624,4320.28
1790277625,4320.03
1790277626,4319.83
1790277627,4319.71
1790277628,4319.64
1790277629,4319.64
1790277630,4319.53
1790277631,4319.52
1790277632,4319.38
1790277633,4319.38
1790277634,4319.36
1790277635,4319.37
1790277636,4319.51
1790277637,4319.38
1790277638,4319.06
1790277639,4318.97
1790277640,4319.01
1790277641,4318.94
1790277642,4318.9
1790277643,4318.57
1790277644,4318.36
1790277645,4318.36
1790277646,4318.4
1790277647,4318.21
1790277648,4318.18
1790277649,4317.99
1790277650,4317.74
1790277651,4317.67
1790277652,4317.63
1790277653,4317.6
1790277654,4317.63
1790277655,4317.81
1790277656,4317.87
1790277657,4317.73
1790277658,4317.79
1790277659,4317.49
1790277660,4317.43
1790277661,4317.51
1790277662,4317.53
1790277663,4317.57
1790277664,4317.78
1790277665,4317.59
1790277666,4317.63
1790277667,4317.53
1790277668,4317.62
1790277669,4317.56
1790277670,4317.6
1790277671,4317.75
1790277672,4317.76
1790277673,4317.65
1790277674,4317.52
1790277675,4317.33
1790277676,4317.41
1790277677,4317.53
1790277678,4317.41
1790277679,4317.06
1790277680,4316.88
1790277681,4316.87
1790277682,4316.65
1790277683,4316.27
1790277684,4316.12
1790277685,4315.74
1790277686,4315.71
1790277687,4315.57
1790277688,4315.5
1790277689,4315.61
1790277690,4315.39
1790277691,4314.99
1790277692,4314.91
1790277693,4314.9
1790277694,4314.6
1790277695,4314.47
1790277696,4314.34
1790277697,4314.26
1790277698,4314.09
1790277699,4314.41
1790277700,4314.29
1790277701,4314.24
1790277702,4314.08
1790277703,4313.61
1790277704,4313.73
1790277705,4313.18
1790277706,4313.3
1790277707,4313.03
1790277708,4312.74
1790277709,4312.65
1790277710,4312.9
1790277711,4312.86
1790277712,4312.75
1790277713,4312.56
1790277714,4312.58
1790277715,4312.44
1790277716,4312.47
1790277717,4312.09
1790277718,4312.09
1790277719,4312.06
1790277720,4311.78
1790277721,4311.54
1790277722,4311.44
1790277723,4311.29
1790277724,4311.25
1790277725,4310.96
1790277726,4310.74
1790277727,4310.98
1790277728,4310.77
1790277729,4310.63
1790277730,4310.52
1790277731,4310.4
1790277732,4310.5
1790277733,4310.34
1790277734,4310.38
1790277735,4310.18
1790277736,4310.21
1790277737,4310.1
1790277738,4309.99
1790277739,4309.9
1790277740,4309.9
1790277741,4309.64
1790277742,4309.42
1790277743,4309.64
1790277744,4309.64
1790277745,4309.51
1790277746,4309.52
1790277747,4309.43
1790277748,4309.02
1790277749,4308.96
1790277750,4308.86
1790277751,4308.83
1790277752,4308.64
1790277753,4308.52
1790277754,4308.62
1790277755,4308.51
1790277756,4308.37
1790277757,4308.34
1790277758,4308.2
1790277759,4308.29
1790277760,4308.18
1790277761,4308.15
1790277762,4307.97
1790277763,4307.7
1790277764,4307.73
1790277765,4307.69
1790277766,4307.7
1790277767,4307.73
1790277768,4307.43
1790277769,4307.37
1790277770,4306.99
1790277771,4306.99
1790277772,4306.75
1790277773,4306.74
1790277774,4306.76
1790277775,4306.6
1790277776,4306.52
1790277777,4306.62
1790277778,4306.3
1790277779,4306.31
1790277780,4306.25
1790277781,4306.31
1790277782,4305.98
1790277783,4305.9
1790277784,4305.99
1790277785,4306.11
1790277786,4305.92
1790277787,4305.8
1790277788,4305.99
1790277789,4305.7
1790277790,4305.61
1790277791,4305.56
1790277792,4305.51
1790277793,4305.29
1790277794,4305.35
1790277795,4305.4
1790277796,4305.6
1790277797,4305.4
1790277798,4305.25
1790277799,4305.33
1790277800,4305.52
1790277801,4305.44
1790277802,4305.13
1790277803,4305.02
1790277804,4305.08
1790277805,4305.11
1790277806,4305.19
1790277807,4305.4
1790277808,4305.26
1790277809,4305.04
1790277810,4304.78
1790277811,4304.68
1790277812,4304.75
1790277813,4304.93
1790277814,4304.89
1790277815,4304.81
1790277816,4304.71
1790277817,4304.81
1790277818,4304.62
1790277819,4304.52
1790277820,4304.43
1790277821,4304.35
1790277822,4304.54
1790277823,4304.32
1790277824,4304.61
1790277825,4304.43
1790277826,4304.23
1790277827,4304.05
1790277828,4304.07
1790277829,4303.99
1790277830,4304.08
1790277831,4303.87
1790277832,4303.54
1790277833,4303.41
1790277834,4303.37
1790277835,4303.07
1790277836,4302.97
1790277837,4302.97
1790277838,4302.77
1790277839,4302.57
1790277840,4302.32
1790277841,4302.22
1790277842,4302.21
1790277843,4302.54
1790277844,4302.64
1790277845,4302.37
1790277846,4302.06
1790277847,4301.96
1790277848,4302.12
1790277849,4302.13
1790277850,4301.98
1790277851,4302.05
1790277852,4302.17
1790277853,4302.31
1790277854,4302.07
1790277855,4302.06
1790277856,4301.79
1790277857,4301.58
1790277858,4301.31
1790277859,4301.19
1790277860,4300.9
1790277861,4300.93
1790277862,4300.85
1790277863,4300.64
1790277864,4300.64
1790277865,4300.78
1790277866,4300.76
1790277867,4300.59
1790277868,4300.47
1790277869,4300.37
1790277870,4300.19
1790277871,4299.85
1790277872,4299.71
1790277873,4299.82
1790277874,4299.61
1790277875,4299.24
1790277876,4299.15
1790277877,4299.24
1790277878,4298.9
1790277879,4298.85
1790277880,4298.83
1790277881,4298.83
1790277882,4298.83
1790277883,4298.84
1790277884,4298.53
1790277885,4298.54
1790277886,4298.67
1790277887,4298.55
1790277888,4298.53
1790277889,4298.3
1790277890,4298.41
1790277891,4298.24
1790277892,4298.41
1790277893,4298.27
1790277894,4298.29
1790277895,4298.13
1790277896,4298.33
1790277897,4297.96
1790277898,4297.93
1790277899,4297.54
1790277900,4297.28
1790277901,4297.48
1790277902,4297.54
1790277903,4297.16
1790277904,4297.08
1790277905,4296.9
1790277906,4296.91
1790277907,4297.11
1790277908,4297.13
1790277909,4297.11
1790277910,4297.11
1790277911,4296.86
1790277912,4296.89
1790277913,4296.95
1790277914,4296.77
1790277915,4296.6
1790277916,4296.74
1790277917,4296.69
1790277918,4296.44
1790277919,4296.29
1790277920,4296.14
1790277921,4296.05
1790277922,4295.96
1790277923,4295.85
1790277924,4296.02
1790277925,4296.06
1790277926,4296.2
1790277927,4295.87
1790277928,4295.81
1790277929,4295.9
1790277930,4295.93
1790277931,4295.75
1790277932,4295.56
1790277933,4295.62
1790277934,4295.51
1790277935,4295.53
1790277936,4295.47
1790277937,4295.37
1790277938,4295.31
1790277939,4295.11
1790277940,4295.28
1790277941,4295.28
1790277942,4295.41
1790277943,4295.25
1790277944,4295.09
1790277945,4294.96
1790277946,4294.75
1790277947,4294.78
1790277948,4294.8
1790277949,4294.65
1790277950,4294.52
1790277951,4294.5
1790277952,4294.3
1790277953,4294.16
1790277954,4294.31
1790277955,4294.12
1790277956,4293.97
1790277957,4294.26
1790277958,4293.86
1790277959,4293.6
1790277960,4293.79
1790277961,4293.65
1790277962,4293.65
1790277963,4293.89
1790277964,4293.7
1790277965,4293.53
1790277966,4293.51
1790277967,4293.42
1790277968,4293.26
1790277969,4293.16
1790277970,4292.88
1790277971,4292.87
1790277972,4292.92
1790277973,4292.81
1790277974,4292.7
1790277975,4292.7
1790277976,4292.54
1790277977,4292.41
1790277978,4292.32
1790277979,4292.46
1790277980,4292.38
1790277981,4292.28
1790277982,4292.18
1790277983,4292.04
1790277984,4291.81
1790277985,4291.6
1790277986,4291.64
1790277987,4291.48
1790277988,4291.41
1790277989,4291.26
1790277990,4290.98
1790277991,4290.83
1790277992,4290.96
1790277993,4290.82
1790277994,4290.64
1790277995,4290.49
1790277996,4290.36
1790277997,4290.32
1790277998,4290.18
1790277999,4290.08
1790278000,4289.93
1790278001,4289.9
1790278002,4289.87
1790278003,4289.82
1790278004,4289.84
1790278005,4289.74
1790278006,4289.84
1790278007,4289.83
1790278008,4289.98
1790278009,4289.88
1790278010,4289.84
1790278011,4289.66
1790278012,4289.58
1790278013,4289.63
1790278014,4289.49
1790278015,4289.64
1790278016,4289.56
1790278017,4289.72
1790278018,4289.48
1790278019,4289.36
1790278020,4289.2
1790278021,4289.28
1790278022,4289.29
1790278023,4289.2
1790278024,4289.05
1790278025,4288.97
1790278026,4289.0
1790278027,4289.04
1790278028,4288.95
1790278029,4288.81
1790278030,4288.74
1790278031,4288.68
1790278032,4288.64
1790278033,4288.49
1790278034,4288.67
1790278035,4288.5
1790278036,4288.64
1790278037,4288.77
1790278038,4288.84
1790278039,4289.04
1790278040,4289.04
1790278041,4288.91
1790278042,4288.75
1790278043,4288.57
1790278044,4288.62
1790278045,4288.32
1790278046,4288.02
1790278047,4288.17
1790278048,4288.25
1790278049,4288.23
1790278050,4288.29
1790278051,4288.32
1790278052,4288.21
1790278053,4287.91
1790278054,4288.03
1790278055,4288.01
1790278056,4287.73
1790278057,4287.67
1790278058,4287.52
1790278059,4287.42
1790278060,4287.29
1790278061,4287.29
1790278062,4287.18
1790278063,4286.93
1790278064,4286.95
1790278065,4286.94
1790278066,4286.65
1790278067,4286.63
1790278068,4286.68
1790278069,4286.58
1790278070,4286.53
1790278071,4286.33
1790278072,4285.99
1790278073,4285.99
1790278074,4285.9
1790278075,4285.88
1790278076,4285.77
1790278077,4285.65
1790278078,4285.59
1790278079,4285.5
1790278080,4285.55
1790278081,4285.41
1790278082,4285.11
1790278083,4285.05
1790278084,4284.78
1790278085,4284.32
1790278086,4284.07
1790278087,4283.93
1790278088,4283.73
1790278089,4283.42
1790278090,4283.3
1790278091,4283.41
1790278092,4283.45
1790278093,4283.37
1790278094,4283.43
1790278095,4283.28
1790278096,4283.07
1790278097,4283.09
1790278098,4282.85
1790278099,4282.82
1790278100,4282.74
1790278101,4282.6
1790278102,4282.45
1790278103,4282.54
1790278104,4282.23
1790278105,4282.19
1790278106,4282.06
1790278107,4281.87
1790278108,4281.8
1790278109,4281.77
1790278110,4281.68
1790278111,4281.63
1790278112,4281.77
1790278113,4281.6
1790278114,4281.58
1790278115,4281.24
1790278116,4281.23
1790278117,4280.87
1790278118,4280.88
1790278119,4280.73
1790278120,4280.67
1790278121,4280.38
1790278122,4280.3
1790278123,4280.34
1790278124,4280.36
1790278125,4280.27
1790278126,4280.19
1790278127,4280.28
1790278128,4280.31
1790278129,4280.14
1790278130,4279.97
1790278131,4279.79
1790278132,4279.71
1790278133,4279.45
1790278134,4279.05
1790278135,4278.94
1790278136,4278.89
1790278137,4278.84
1790278138,4278.92
1790278139,4278.65
1790278140,4278.49
1790278141,4278.2
1790278142,4278.15
1790278143,4278.06
1790278144,4277.91
1790278145,4277.83
1790278146,4277.65
1790278147,4277.41
1790278148,4277.57
1790278149,4277.61
1790278150,4277.5
1790278151,4277.19
1790278152,4277.08
1790278153,4277.09
1790278154,4277.03
1790278155,4277.1
1790278156,4277.21
1790278157,4277.12
1790278158,4276.96
1790278159,4276.81
1790278160,4276.67
1790278161,4276.72
1790278162,4276.58
1790278163,4276.25
1790278164,4276.24
1790278165,4276.14
1790278166,4275.99
1790278167,4275.62
1790278168,4275.71
1790278169,4275.74
1790278170,4275.49
1790278171,4275.43
1790278172,4275.19
1790278173,4274.9
1790278174,4274.51
1790278175,4274.55
1790278176,4274.6
1790278177,4274.47
1790278178,4274.38
1790278179,4274.57
1790278180,4274.37
1790278181,4274.12
1790278182,4274.05
1790278183,4274.06
1790278184,4273.93
1790278185,4273.64
1790278186,4273.44
1790278187,4273.47
1790278188,4273.49
1790278189,4273.16
1790278190,4272.9
1790278191,4272.67
1790278192,4272.59
1790278193,4272.84
1790278194,4272.72
1790278195,4272.65
1790278196,4272.45
1790278197,4272.75
1790278198,4272.58
1790278199,4272.43
